solver,benchType,nodes,dims,build,depth
test,ss_varden,1000000000,3,4.76924,25.5256
cgal,ss_varden,1000000000,3,381.2575,35.0
test,uniform,1000000000,3,3.90948,25.5263
cgal,uniform,1000000000,3,1082.405,31.0
