solver,benchType,nodes,dims,build,depth
test,uniform,100000000,2,0.25154,22.1635
test,uniform,100000000,3,0.29224,22.1754
test,uniform,100000000,5,0.43881,22.17365
test,uniform,100000000,9,0.73167,22.17055
test,ss_varden,100000000,2,0.26682,22.1606
test,ss_varden,100000000,3,0.32864,22.17565
test,ss_varden,100000000,5,0.49286,22.1615
test,ss_varden,100000000,9,0.86911,22.1568
