solver,benchType,nodes,dims,build,depth
test,ss_varden,100000000,2,0.43013,22.1606
test,uniform,100000000,2,0.41321,22.1635
test,ss_varden,100000000,3,0.33018,22.17565
test,uniform,100000000,3,0.31017,22.1754
