solver,benchType,nodes,dims,build,depth
test,uniform,100000000,2,0.24828,22.1635
test,uniform,100000000,3,0.28958,22.1754
test,uniform,100000000,5,0.42945,22.17365
test,uniform,100000000,9,0.70863,22.17055
test,ss_varden,100000000,2,0.2677,22.1606
test,ss_varden,100000000,3,0.32064,22.17565
test,ss_varden,100000000,5,0.47976,22.1615
test,ss_varden,100000000,9,0.84105,22.1568
