solver,benchType,nodes,dims,build,depth
test,ss_varden,100000000,2,0.2655,22.10925
test,uniform,100000000,2,0.2797,22.16455
test,ss_varden,100000000,3,0.33613,22.0954
test,uniform,100000000,3,0.31546,22.1584
