solver,benchType,nodes,dims,build,depth
test,ss_varden,100000000,3,0.31721,22.17565
zdtree,ss_varden,100000000,3,0.54073,34.5
cgal,ss_varden,100000000,3,34.176,28.0
LogTree,ss_varden,100000000,3,-1.0,-1.0
BhlTree,ss_varden,100000000,3,-1.0,-1.0
test,uniform,100000000,3,0.29636,22.1754
zdtree,uniform,100000000,3,0.56179,24.0
cgal,uniform,100000000,3,100.3132,27.0
LogTree,uniform,100000000,3,-1.0,-1.0
BhlTree,uniform,100000000,3,-1.0,-1.0
