solver,benchType,nodes,dims,10000small,10000medium,10000large
test,uniform,100000000,2,0.00043,0.00786,0.01436
test,uniform,100000000,3,0.00392,0.03276,0.09736
test,uniform,100000000,5,0.0085,0.22064,0.73321
test,uniform,100000000,9,0.27714,2.1991,5.17289
test,ss_varden,100000000,2,0.00113,0.00784,0.01396
test,ss_varden,100000000,3,0.00104,0.02679,0.07475
test,ss_varden,100000000,5,0.02753,0.19053,0.67285
test,ss_varden,100000000,9,0.01031,0.80918,2.99484
