solver,benchType,nodes,dims,10000small,10000medium,10000large
test,uniform,100000000,2,0.00061,0.00789,0.01373
test,uniform,100000000,3,0.00406,0.03234,0.09316
test,uniform,100000000,5,0.0086,0.21218,0.69813
test,uniform,100000000,9,0.27185,2.17663,5.11872
test,ss_varden,100000000,2,0.00077,0.00805,0.01282
test,ss_varden,100000000,3,0.00075,0.02574,0.06917
test,ss_varden,100000000,5,0.02795,0.17978,0.62735
test,ss_varden,100000000,9,0.01042,0.79161,2.94973
