solver,benchType,nodes,dims,step=0.1,ave-depth,step=0.2,ave-depth,step=0.25,ave-depth,step=0.5,ave-depth
test,ss_varden,100000000,2,0.98188,22.6581,0.65131,22.65815,0.57432,22.65815,0.42078,22.65815
test,uniform,100000000,2,0.78345,22.6537,0.56648,22.6537,0.52824,22.6537,0.42238,22.6537
test,ss_varden,100000000,3,1.62683,22.56325,1.07402,22.5635,0.93071,22.56065,0.69866,22.56155
test,uniform,100000000,3,0.92295,22.6754,0.63063,22.6754,0.58452,22.6754,0.46687,22.6754
