solver,benchType,nodes,dims,0.1M,0.2M,0.5M,1M,2M,5M,10M,20M,50M,100M,200M,500M,1000M
test,ss_varden,1000000000,3,0.00449,0.00612,0.01206,0.01897,0.02687,0.05882,0.10828,0.19149,0.46239,0.9057,1.76431,3.9435,4.64231
zdtree,ss_varden,1000000000,3,0.11348,0.11641,0.11796,0.12054,0.12434,0.13464,0.14958,0.18017,0.28781,0.433,0.76877,2.21857,3.9863
cgal,ss_varden,1000000000,3,0.04239,0.07912,0.19862,0.3874,0.86491,2.27755,4.17976,9.42072,62.168,155.614,340.292,630.889,1241.3
test,uniform,1000000000,3,0.00539,0.00646,0.01383,0.02465,0.04458,0.0841,0.1343,0.22168,0.4014,0.60956,0.97042,2.20283,4.0947
zdtree,uniform,1000000000,3,0.10935,0.11545,0.12875,0.15044,0.18951,0.29058,0.43347,0.6489,1.11199,1.50012,1.99045,3.63511,4.14433
cgal,uniform,1000000000,3,0.3601,0.74672,2.1069,4.20719,8.5131,19.5997,39.2209,0.0,0.0,0.0,0.0,0.0,0.0
