solver,benchType,nodes,dims,direct build,ave-depth,visNodeNum,incre build,ave-depth,visNodeNum,direct build,ave-depth,visNodeNum,decre build,ave-depth,visNodeNum
test,ss_varden,100000000,2,1.11021,22.10925,29.0,1.13004,22.8918,29.5,1.11311,22.10925,29.0,1.08738,22.6581,31.0
test,uniform,100000000,2,1.11519,22.16455,29.0,1.13398,22.22495,29.0,1.11578,22.16455,29.0,1.09039,22.6537,30.0
test,ss_varden,100000000,3,2.02293,22.0954,40.5,2.05713,22.793,41.5,2.03128,22.0954,40.5,2.02907,22.56325,40.5
test,uniform,100000000,3,2.15528,22.1584,43.0,2.17132,22.22785,43.0,2.15446,22.1584,43.0,2.12887,22.6754,47.0
