solver,benchType,nodes,dims,step=0.1,ave-depth,step=0.2,ave-depth,step=0.25,ave-depth,step=0.5,ave-depth
test,ss_varden,100000000,2,0.82251,22.8918,0.64247,22.8193,0.5976,22.71625,0.41401,22.5899
test,uniform,100000000,2,0.52296,22.22495,0.42258,22.22085,0.40066,22.1965,0.33601,22.16515
test,ss_varden,100000000,3,1.15291,22.793,0.90524,22.96935,0.94993,22.55425,0.58927,22.71645
test,uniform,100000000,3,0.5395,22.22785,0.47135,22.2171,0.44757,22.2014,0.38478,22.16595
