solver,benchType,nodes,dims,0.1M,0.2M,0.5M,1M,2M,5M,10M,20M,50M,100M,200M,500M,1000M
test,ss_varden,1000000000,3,0.00355,0.00677,0.00952,0.01672,0.02937,0.06665,0.1124,0.21976,0.5152,0.9764,1.87397,4.69617,8.22449
zdtree,ss_varden,1000000000,3,0.10523,0.10726,0.10938,0.1152,0.12159,0.13848,0.16587,0.21638,0.38414,0.63489,1.13976,3.1125,7.02483
cgal,ss_varden,1000000000,3,64.1271,58.9159,64.8153,57.4287,58.9398,65.6458,57.3689,59.2115,65.3154,58.0532,61.0759,68.1189,64.5613
test,uniform,1000000000,3,0.00404,0.00593,0.01212,0.02099,0.03659,0.06728,0.11267,0.18071,0.33418,0.55136,0.97653,2.37416,4.55275
zdtree,uniform,1000000000,3,0.09933,0.10476,0.11678,0.13529,0.16944,0.26142,0.39462,0.619,1.13287,1.67786,2.4386,4.46976,8.03934
cgal,uniform,1000000000,3,158.393,154.739,152.937,142.516,145.66,142.805,133.707,137.468,137.772,132.638,140.333,141.768,140.952
