solver,benchType,nodes,dims,0.1M,0.2M,0.5M,1M,2M,5M,10M,20M,50M,100M,200M,500M,1000M
test,ss_varden,1000000000,3,0.00455,0.00559,0.01046,0.01342,0.02587,0.06238,0.11573,0.20887,0.45389,0.80358,1.42337,2.98794,6.21773
zdtree,ss_varden,1000000000,3,0.09914,0.10101,0.10369,0.10794,0.1149,0.131,0.15992,0.21149,0.39395,0.6916,1.31562,3.91249,7.39058
cgal,ss_varden,1000000000,3,64.1271,58.9159,64.8153,57.4287,58.9398,65.6458,57.3689,59.2115,65.3154,58.0532,61.0759,68.1189,64.5613
test,uniform,1000000000,3,0.00394,0.00599,0.01202,0.02085,0.0366,0.06721,0.10735,0.17894,0.3397,0.55613,0.98853,2.32193,4.53681
zdtree,uniform,1000000000,3,0.09967,0.1042,0.11603,0.13465,0.16984,0.26004,0.39122,0.61994,1.13698,1.67488,2.44679,4.55311,8.03439
cgal,uniform,1000000000,3,158.393,154.739,152.937,142.516,145.66,142.805,133.707,137.468,137.772,132.638,140.333,141.768,140.952
