solver,benchType,nodes,dims,k=1,depth,visNum,k=10,depth,visNum,k=100,depth,visNum
test,ss_varden,1000000000,3,0.93758,25.5256,169.0,1.71347,25.5256,239.5,4.1479,25.5256,418.5
cgal,ss_varden,1000000000,3,1.67785,35.0,239.5,3.06605,35.0,367.0,7.79948,35.0,718.0
test,uniform,1000000000,3,0.08618,25.5263,33.5,0.16195,25.5263,47.5,0.77396,25.5263,100.0
cgal,uniform,1000000000,3,0.10812,31.0,37.5,0.22309,31.0,63.5,1.56878,31.0,180.5
