solver,benchType,nodes,dims,k=1,depth,visNum,k=10,depth,visNum,k=100,depth,visNum
test,ss_varden,1000000000,3,0.05557,25.5219,26.0,0.1899,25.5219,43.0,0.88754,25.5219,90.0
zdtree,ss_varden,1000000000,3,0.14302,35.0,87.0,0.29601,35.0,188.0,1.29889,35.0,698.0
cgal,ss_varden,1000000000,3,0.0826,34.0,28.0,0.21888,34.0,58.0,1.27721,34.0,163.0
test,uniform,1000000000,3,0.20872,25.5263,26.0,0.76483,25.5263,46.0,2.65901,25.5263,103.0
zdtree,uniform,1000000000,3,0.86471,27.0,90.0,2.03717,27.0,219.0,8.50491,27.0,913.0
cgal,uniform,1000000000,3,0.33322,31.0,28.0,2.31706,31.0,63.0,13.02935,31.0,189.0
