craft,nodes,dims,file,time
craft,100000,3,0.txt,5.29115
craft,100000,3,0.txt,5.29115
craft,100000,3,0.txt,5.29115
craft,100000,3,0.txt,5.29115
craft,100000,3,0.txt,5.29115
craft,100000,3,0.txt,5.29115
craft,100000,3,0.txt,5.29115
craft,100000,3,0.txt,5.29115
craft,100000,3,0.txt,5.29115
craft,100000,3,0.txt,5.29115
